file,placeholder
IFLS_Main.Toolbar.ReaperMenu,_RS_IFLS_ARTIST_HUB
IFLS_Main.Toolbar.ReaperMenu,_RS_IFLS_BEAT_CC
IFLS_Main.Toolbar.ReaperMenu,_RS_IFLS_DEVTOOLS_DEBUGMENU
IFLS_Main.Toolbar.ReaperMenu,_RS_IFLS_DIAGNOSTICS_INSPECTOR
IFLS_Main.Toolbar.ReaperMenu,_RS_IFLS_FXBRAIN_HUB
IFLS_Main.Toolbar.ReaperMenu,_RS_IFLS_GROOVE_RHYTHM_HUB
IFLS_Main.Toolbar.ReaperMenu,_RS_IFLS_MACROS_SCENES_HUB
IFLS_Main.Toolbar.ReaperMenu,_RS_IFLS_SAMPLE_GALAXY
IFLS_Beat.Toolbar.ReaperMenu,_RS_DF95_ADAPTIVE_BEATENGINE
IFLS_Beat.Toolbar.ReaperMenu,_RS_DF95_ARTIST_BEATENGINE
IFLS_Beat.Toolbar.ReaperMenu,_RS_DF95_RENDER_BEAT_AUDIO
IFLS_Beat.Toolbar.ReaperMenu,_RS_IFLS_BEAT_CC
IFLS_Beat.Toolbar.ReaperMenu,_RS_IFLS_GROOVE_PROFILE_EDITOR
IFLS_Beat.Toolbar.ReaperMenu,_RS_IFLS_RHYTHMMORPH_PLAYGROUND
IFLS_Sample.Toolbar.ReaperMenu,_RS_DF95_FIELDREC_FUSION_GUI
IFLS_Sample.Toolbar.ReaperMenu,_RS_DF95_FIELDREC_SLICING_HUB
IFLS_Sample.Toolbar.ReaperMenu,_RS_DF95_SLICEKIT_RS5K_BUILDER
IFLS_Sample.Toolbar.ReaperMenu,_RS_IFLS_ARTISTFX_BRAIN
IFLS_Sample.Toolbar.ReaperMenu,_RS_IFLS_MACRO_TEXTURE_QUICK
IFLS_Sample.Toolbar.ReaperMenu,_RS_IFLS_SAMPLE_GALAXY
IFLS_Debug.Toolbar.ReaperMenu,_RS_IFLS_DIAG_DUMP
IFLS_Debug.Toolbar.ReaperMenu,_RS_IFLS_FLAVOR_DEBUGDEMO
IFLS_Debug.Toolbar.ReaperMenu,_RS_IFLS_FXCHAIN_DEBUGDEMO
IFLS_Debug.Toolbar.ReaperMenu,_RS_IFLS_GROOVE_DEBUGDEMO
IFLS_Debug.Toolbar.ReaperMenu,_RS_IFLS_MACROS_DEBUGDUMP
IFLS_Debug.Toolbar.ReaperMenu,_RS_IFLS_RHYTHMMORPH_DEBUGDEMO
IFLS_Debug.Toolbar.ReaperMenu,_RS_IFLS_SAMPLEGALAXY_DEBUGDEMO
DF95_Fieldrec_ToolbarV2.Toolbar.ReaperMenu,_RS_DF95_FIELDREC_EXPORT_BUSCHAIN_GUI
DF95_Fieldrec_ToolbarV2.Toolbar.ReaperMenu,_RS_DF95_FIELDREC_EXPORT_MICFUSION_SLICES
DF95_Fieldrec_ToolbarV2.Toolbar.ReaperMenu,_RS_DF95_FIELDREC_EXPORT_MIC_ONLY
DF95_Fieldrec_ToolbarV2.Toolbar.ReaperMenu,_RS_DF95_FIELDREC_FUSION_GUI
DF95_Fieldrec_ToolbarV2.Toolbar.ReaperMenu,_RS_DF95_HOMEFIELD_SCAN_TO_SAMPLEDB
DF95_Fieldrec_ToolbarV2.Toolbar.ReaperMenu,_RS_DF95_POLYWAV_TOOLBOX_V3
DF95_Fieldrec_ToolbarV2.Toolbar.ReaperMenu,_RS_DF95_SAMPLEDB_AITAG_BROWSER
DF95_Fieldrec_ToolbarV2.Toolbar.ReaperMenu,_RS_DF95_SAMPLEDB_AIWORKER_ZOOMF6
DF95_Fieldrec_ToolbarV2.Toolbar.ReaperMenu,_RS_DF95_SAMPLEDB_INSPECTOR_V4
DF95_Fieldrec_ToolbarV2.Toolbar.ReaperMenu,_RS_DF95_SAMPLEDB_PACK_EXPORTER
DF95_Fieldrec_ToolbarV2.Toolbar.ReaperMenu,_RS_DF95_SAMPLEDB_RECORDPLANNER
DF95_Fieldrec_ToolbarV2.Toolbar.ReaperMenu,_RS_DF95_SAMPLEDB_SESSION_SCENES
DF95_Fieldrec_ToolbarV2.Toolbar.ReaperMenu,_RS_DF95_SAMPLEDB_TEXTURE_PRESETS
DF95_Fieldrec_ToolbarV2.Toolbar.ReaperMenu,_RS_DF95_SLICING_FADE_COMMON
DF95_Fieldrec_ToolbarV2.Toolbar.ReaperMenu,_RS_DF95_ZOOMF6_SCAN_TO_SAMPLEDB
DF95_Fieldrec_Export.Toolbar.ReaperMenu,_RS_DF95_FIELDREC_FUSION_BUSCHAIN
DF95_Fieldrec_Export.Toolbar.ReaperMenu,_RS_DF95_FIELDREC_FUSION_GUI
DF95_Fieldrec_Export.Toolbar.ReaperMenu,_RS_DF95_FIELDREC_MICFUSION_SLICES
DF95_Fieldrec_Export.Toolbar.ReaperMenu,_RS_DF95_FIELDREC_MIC_ONLY
